input file name	correct diagnosis source	correct diagnosis	gpt diagnosis	Score (0-5)	Rank	Rank (Peter)	Rank (Justin)		Score (Peter)	Score (Justin)	Score (Daniel)	Range
PMID_33471980-phenopacket-time-based_query.txt	Manual paste-in	Pregnancy-associated myocardial infarction, probably due to spontaneous coronary-artery dissection.	Most Likely Diagnosis:  Peripartum cardiomyopathy     Differential Diagnosis (ordered from most likely to least likely):  1. Peripartum cardiomyopathy  2. Ischemic cardiomyopathy (due to prolonged ventricular tachycardia)  3. Dilated cardiomyopathy (non-ischemic)  4. Arrhythmogenic right ventricular cardiomyopathy  5. Myocarditis (viral or autoimmune)  6. Hypertrophic cardiomyopathy  7. Pulmonary embolism leading to cardiac arrest  8. Acute rheumatic fever   9. Heart failure secondary to severe pre-eclampsia   10. Thyrotoxicosis causing high-output heart failure   11. Acute coronary syndrome secondary to aortic dissection.	3	1	1	1		3	3		0
PMID_33497551-phenopacket-time-based_query.txt	Manual paste-in	Mycobacterium tuberculosis meningitis	Most Likely Diagnosis: Congestive Heart Failure (CHF)     Differential Diagnosis, ranked by probability:     1. Congestive Heart Failure (CHF)   2. Chronic Obstructive Pulmonary Disease (COPD)   3. Acute Respiratory Distress Syndrome (ARDS)   4. Pulmonary Edema   5. Pulmonary Embolism  6. Pneumothorax  7. Pleurisy  8. Tuberculosis  9. Lung Cancer  10. Pulmonary Fibrosis  11. Pneumonitis  12. Systemic Lupus Erythematosus with Lupus Pneumonitis  13. Sarcoidosis  14. Chronic Kidney disease  15. Myasthenia Gravis  16. Polymyositis  17. Chronic Fatigue Syndrome  18. Pick's Disease (Frontotemporal Dementia)  19. Normal Pressure Hydrocephalus  20. Vascular Dementia.	3	8	8	8		4	3		1
PMID_33503346-phenopacket-time-based_query.txt	Manual paste-in	Systemic primary amyloidosis.	Most likely diagnosis: Paraneoplastic syndrome secondary to breast carcinoma     Differential Diagnoses:  1. Paraneoplastic syndrome secondary to breast carcinoma  2. Antiphospholipid syndrome  3. Rewarming Syndrome  4. Amaurosis fugax due to transient ischemic attack (TIA)  5. Giant cell arteritis  6. Temporal arteritis  7. Carcinoid syndrome  8. Secondary polycythemia  9. Temporomandibular joint dysfunction (TMJ)  10. Myasthenia gravis  11. Lambert-Eaton Syndrome  12. Microvascular ischemia due to diabetes  13. Ocular myasthenia  14. Motor neuron disease such as ALS  15. Pituitary adenoma  16. Brain tumor  17. Multiple sclerosis  18. Chronic fatigue syndrome  19. Hemolytic anemia  20. Chronic leukemia  21. Anorexia nervosa  22. Malabsorption syndrome- celiac disease  23. Side effect of chemotherapy (for breast carcinoma)  24. Late-stage Hodgkin's disease  25. Basilar migraine  26. Mitochondrial diseases- such as mitochondrial myopathy and mitochondrial DNA depletion syndrome  27. Migraine with Aura  28. Neurosarcoidosis  29. Post-Viral Fatigue Syndrome  30. Vasculitis of the nervous system  31. Cardiovascular event, such as a stroke  32. Neurological side effects of medications.	0	-1	-1	28		0	2		2
PMID_33567196-phenopacket-time-based_query.txt	Manual paste-in	Diffuse idiopathic pulmonary neuroendocrine cell hyperplasia.	Most Likely Diagnosis:  Chronic Obstructive Pulmonary Disease (COPD) exacerbation     Differential Diagnoses:   1. Interstitial Lung Disease secondary to connective tissue disease  2. Asthma exacerbation  3. Bronchiectasis  4. Pulmonary Fibrosis  5. Chronic Bronchitis  6. Allergic bronchopulmonary aspergillosis  7. Pneumonia  8. Congestive Heart Failure  9. Pulmonary embolism  10. Lung malignancy  11. Hypersensitivity pneumonitis  12. Pulmonary Tuberculosis  13. Cystic Fibrosis (rare in this age group)  14. Alpha-1 Antitrypsin Deficiency-related COPD  15. Gastroesophageal Reflux Disease-related aspiration pneumonia  16. Sarcoidosis  17. Wegener's Granulomatosis (Granulomatosis with Polyangiitis)  18. Churg-Strauss Syndrome (Eosinophilic Granulomatosis with Polyangiitis)  19. Occupational Lung Disease, such as Silicosis or Asbestosis  20. Drug-induced interstitial lung disease.	0	-1	-1	-1		0	0		0
PMID_33596360-phenopacket-time-based_query.txt	Manual paste-in	Disseminated Mycobacterium bovis infection.	Most likely diagnosis: Systemic lupus erythematosus (SLE)     Differential diagnosis:  1. Systemic lupus erythematosus (SLE)  2. Lymphoma   3. HIV or AIDS related lymphadenopathy   4. Chronic lymphocytic leukemia (CLL)  5. Sarcoidosis  6. Multiple myeloma   7. Wegener's granulomatosis   8. Amyloidosis   9. Non-Hodgkin's lymphoma   10. Hodgkin's lymphoma  11. Felty's syndrome  12. Infectious mononucleosis  13. Tuberculosis  14. Autoimmune hemolytic anemia  15. Endocarditis	0	-1	-1	-1		0	0		0
PMID_33626257-phenopacket-time-based_query.txt	Manual paste-in	Lymphoplasmacytic lymphoma of the central nervous system (Bing–Neel syndrome).	Most Likely Diagnosis:  1. Sjogren's Syndrome     Differential Diagnosis (ranked from most to least likely):  1. Giant Cell Arteritis  2. Cogan's Syndrome  3. Graves' Disease  4. Vasculitis (e.g., Polyarteritis Nodosa)  5. Neurological disorders such as Multiple Sclerosis  6. Lyme Disease   7. Temporal Arteritis  8. Blepharitis   9. Keratoconjunctivitis  10. Ocular Herpes   11. Optic Neuritis   12. Acute Angle-Closure Glaucoma  13. Secondary Glaucoma due to Uveitis	0	-1	-1	-1		0	0		0
PMID_33704941-phenopacket-time-based_query.txt	Manual paste-in	Meningococcal purpura fulminans.	The most likely diagnosis: Meningococcal meningitis     Differential Diagnoses:  1. Meningococcal meningitis  2. Bacterial sepsis (e.g. Streptococcus pneumoniae, Haemophilus influenzae)  3. Toxic shock syndrome  4. Viral meningitis (e.g. Enterovirus, Herpes simplex virus)  5. Lupus with neuropsychiatric manifestations  6. Lyme disease  7. Guillain-Barre syndrome  8. Rocky Mountain spotted fever  9. Acute disseminated encephalomyelitis (ADEM)  10. Mycoplasma pneumoniae infection  11. Subacute thyroiditis causing Hypothyroidism  12. Secondary Hemophagocytic lymphohistiocytosis (HLH)  13. Kawasaki disease  14. Infective endocarditis  15. Dengue fever.	4	1	1	1		4	4		0
PMID_33761211-phenopacket-time-based_query.txt	Manual paste-in	Pheochromocytoma	Most likely diagnosis:   Pheochromocytoma     Differential diagnoses:   1. Pheochromocytoma  2. Secondary hypertension due to renal parenchymal disease  3. Cushing's syndrome    4. Brain tumor  5. Meningitis   6. Hyperthyroidism  7. Acute porphyria   8. Alcohol withdrawal syndrome  9. Chronic Kidney Disease  10. Cluster headaches  11. Intracranial hypertension.	5	1	1	1		5	5		0
PMID_33826823-phenopacket-time-based_query.txt	Manual paste-in	Normal pressure hydrocephalus.	Most Likely Diagnosis:   Neurodegenerative disease, possibly Parkinson's Disease with dementia     Differential Diagnosis:  1. Parkinson's Disease with dementia  2. Normal Pressure Hydrocephalus  3. Multiple System Atrophy (MSA)  4. Alzheimer's disease   5. Lewy Body Dementia  6. Progressive Supranuclear Palsy  7. Cerebral Small Vessel Disease  8. Primary Progressive MS  9. Chronic Traumatic Encephalopathy  10. Binswanger's disease  11. Vascular dementia   12. Huntington's disease  13. FTD Parkinsonism  14. Creutzfeldt-Jakob disease  15. Vitamin B12 deficiency related subacute combined degeneration of the spinal cord.	5	2	2	2		5	5		0
PMID_33852783-phenopacket-time-based_query.txt	Manual paste-in	Bartonella henselae infection (cat scratch disease).	Most Likely Diagnosis: Tuberculosis (extrapulmonary, involving lymph nodes and kidney)     Differential Diagnosis:  1. Tuberculosis (extrapulmonary, involving lymph nodes and kidney)  2. Brucellosis  3. Systemic lupus erythematosus with secondary infection  4. Collagen vascular disease with secondary infection  5. HIV with secondary infection  6. Sarcoidosis with secondary infection  7. Secondary syphilis  8. Disseminated gonococcal infection  9. Infectious mononucleosis  10. Lymphoma  11. Inflammatory bowel disease with secondary infection  12. Postinfectious glomerulonephritis  13. IgA nephropathy with secondary infection  14. Lyme disease  15. Infective endocarditis	0	1	1	-1		0	0		0
PMID_33882209-phenopacket-time-based_query.txt	Manual paste-in	Varicella–zoster virus infection.	Most likely diagnosis: Recurrence of testicular cancer metastatic to the frontal scalp and surrounding ocular region.      Differential diagnosis, ranked by probability:      1. Recurrence of testicular cancer metastatic to the frontal scalp and surrounding ocular region  2. Secondary skin neoplasm unrelated to previous testicular cancer  3. Severe sinusitis causing secondary symptoms in the eye and forehead region  4. Allergic contact dermatitis causing rash and edema  5. Herpes zoster (shingles) involving the frontal scalp and eye  6. Systemic lupus erythematosus with dermatologic symptoms  7. Advanced macular degeneration causing adjacent inflammation  8. Giant cell arteritis with ocular involvement  9. Severe conjunctivitis causing chemosis and eyelid edema  10. Atypical presentation of restless legs syndrome with facial involvement  Here, the most likely diagnosis and the differentials are ranked by probability from most to least, which includes consideration of the patient's past medical history as well as his current clinical presentation and symptomology.	5	5	5	5		5	5		0
PMID_33979492-phenopacket-time-based_query.txt	Manual paste-in	Final diagnosis - Babesiosis Pathological diagnosis - Babesiosis-induced hemolytic anemia	Most Likely Diagnosis: Chronic Myeloid Leukemia      Differential Diagnosis:     1. Chronic Lymphocytic Leukemia  2. Myelofibrosis  3. Lymphoma  4. Acute Myeloid Leukemia  5. Autoimmune Hemolytic Anemia  6. Polycythemia Vera  7. Myelodysplastic Syndrome  8. Paroxysmal Nocturnal Hemoglobinuria  9. Post-polycythemia Vera Myelofibrosis  10. Systemic Lupus Erythematosus.	0	-1	-1	-1		0	0		0
PMID_34010534-phenopacket-time-based_query.txt	Manual paste-in	Lactic acidosis due to toxic effects from metfor- min use.	Most likely diagnosis: Acute Kidney Injury secondary to Congestive Heart Failure and/or type 2 Diabetes Mellitus     Differential diagnosis, ranked by probability:     1. Diabetic Nephropathy  2. Acute Kidney Injury secondary to dehydration (from diarrhea and nausea)  3. Heart Failure-induced Renal Ischemia  4. Chronic Kidney Disease secondary to longstanding hypertension and diabetes  5. Hypervolemia secondary to Heart Failure  6. Acute Tubular Necrosis  7. Obstructive Uropathy  8. Co-existing Urinary Tract Infection leading to Sepsis and Acute Kidney Injury  9. Prerenal Azotemia due to severe volume depletion after diarrhea  10. Acute Interstitial Nephritis due to potential unknown drug interactions  11. Hepatorenal Syndrome secondary to potential liver disease not mentioned in the history.	0	-1	-1	10		0	0		0
PMID_34042393-phenopacket-time-based_query.txt	Manual paste-in	Staphylococcus aureus bacteremia and infection of a vascular graft.	Based on the information provided, my most likely diagnosis is:     Abdominal Aortic Aneurysm (AAA) with secondary infection.     For the differential diagnosis, ranked by their likelihood:     1. Abdominal Aortic Aneurysm (AAA) with secondary infection  2. Marfan syndrome causing aortic dilatation with acute abdomen  3. Ehlers-Danlos syndrome leading to aortic dilatation and abdominal pain  4. Infective Endocarditis affecting the aortic valve and causing referred abdominal pain  5. Takayasu arteritis causing aortic dilatation and abdominal complaints  6. Non-rheumatic Aortic (valve) disease leading to abdominal complaints  7. Coarctation of the aorta causing abdominal symptoms.	3	4	4	4		3	3		0
PMID_34107184-phenopacket-time-based_query.txt	Manual paste-in	Clinical diagnosis: Acquired clotting-factor inhibitor Pathological diagnosis: Acquired factor VIII inhibitor. Final diagnosis: Acquired factor VIII inhibitor.	Given the information provided, my most likely diagnosis is:     Upper extremity deep vein thrombosis (UEDVT)      The robust differential diagnosis, from most to least likely, includes:     1. Upper extremity deep vein thrombosis  2. Cellulitis  3. Hematoma secondary to trauma   4. Necrotizing fasciitis  5. Limb ischemia due to peripheral arterial disease  6. Venous insufficiency  7. Arterial thrombosis  8. Lymphatic obstruction  9. Cyst or abscess formation   10. Compartment syndrome.	0	-1	-1	-1		0	0		0
PMID_34133863-phenopacket-time-based_query.txt	Manual paste-in	Final diagnosis: Pneumonia associated with severe acute respiratory syndrome coronavirus 2 (SARS-CoV-2) infection and acute pulmonary embolism.	Most Likely Diagnosis:   Severe acute respiratory syndrome coronavirus 2 (SARS-CoV-2) infection, commonly known as COVID-19.     Differential Diagnosis, from most to least likely:  1. Severe acute respiratory syndrome coronavirus 2 (SARS-CoV-2) infection, leading to COVID-19 pneumonia  2. Exacerbation of underlying chronic obstructive pulmonary disease (COPD) complicated by infection  3. Bacterial pneumonia  4. Congestive heart failure presenting as acute pulmonary edema  5. Aspiration pneumonia due to falls, potentially an underlying neurologic condition  6. Influenza A/B infection  7. Other viral pneumonia, such as respiratory syncytial virus (RSV)  8. Pulmonary embolism   9. Lung cancer presenting with post-obstructive pneumonia  10. Interstitial lung disease exacerbation.	3	1	1	1		3	3		0
PMID_34161710-phenopacket-time-based_query.txt	Manual paste-in	Delayed posthypoxic leukoencephalopathy.	Most Likely Diagnosis: Paraneoplastic neurologic syndrome associated with squamous cell carcinoma of the tongue     Differential Diagnosis:  1. Paraneoplastic neurologic syndrome associated with squamous cell carcinoma of the tongue  2. Neurological metastasis of squamous cell carcinoma   3. Medication-induced cognitive impairment  4. Delirium secondary to acute aspiration pneumonia   5. Stroke or Transient Ischemic Attack (TIA)   6. Encephalitis or other neurological infection  7. Autoimmune encephalopathy   8. Neurodegenerative disorder such as Frontotemporal dementia or Alzheimer's disease  9. Vitamin B12 or Thiamine deficiency causing cognitive impairment  10. Alcohol or drug induced cognitive impairment.	2	-1	-1	7		2	2		0
PMID_34233100-phenopacket-time-based_query.txt	Manual paste-in	Cerebellar ataxia, neuropathy, and vestibular areflexia syndrome due to a biallelic expansion in RFC1.	Based on the provided clinical information, my most likely diagnosis is:      Spinocerebellar Ataxia     In order of decreasing likelihood, my comprehensive differential diagnosis is:     1. Spinocerebellar Ataxia  2. Multiple System Atrophy  3. Cerebellar variant of Multiple System Atrophy (MSA-C)  4. Olivo-Ponto-Cerebellar Atrophy (OPCA)  5. Cerebellar form of Alzheimer's disease  6. Autosomal Recessive Cerebellar Ataxia  7. Cerebral Autosomal Dominant Arteriopathy with Sub-cortical Infarcts and Leukoencephalopathy (CADASIL)  8. Metachromatic leukodystrophy  9. Sjögren's syndrome-induced neuropathy  10. Jakob-Creutzfeldt disease  11. Multiple Sclerosis  12. Stroke or Transient Ischemic Attack (TIA) in cerebellum   13. Paraneoplastic cerebellar degeneration  14. Gluten Ataxia  15. Normal Pressure Hydrocephalus  16. Niemann-Pick disease type C  17. Prion diseases  18. Neuroacanthocytosis  19. Friedreich's Ataxia  20. Lyme disease  21. Posterior fossa tumor  22. Wilson disease  23. Hashimoto's encephalopathy   24. Cerebellar form of Parkinson's disease.	3	1	1	1		3	3		0
PMID_34260840-phenopacket-time-based_query.txt	Manual paste-in	Listeria monocytogenes bacteremia resulting in loss of fetus.	Most Likely Diagnosis:  1. Pylephlebitis (septic thrombophlebitis of the portal vein) secondary to ulcerative colitis exacerbation     Differential Diagnoses:      1. Pylephlebitis secondary to ulcerative colitis exacerbation  2. Toxic megacolon secondary to active ulcerative colitis  3. Preeclampsia with severe features  4. Intra-abdominal abscess secondary to ulcerative colitis  5. Inflammatory bowel disease-associated arthropathy  6. Meningitis  7. Brain abscess secondary to septicemia  8. Hepatic vein thrombosis (Budd-Chiari syndrome)  9. Hyperemesis gravidarum  10. Appendicitis in pregnancy  11. Cholestasis of pregnancy  12. Acute gastroenteritis  13. Diverticulitis  14. Ectopic pregnancy.	0	-1	-1	-1		0	0		0
PMID_34289280-phenopacket-time-based_query.txt	Manual paste-in	Cerebral amyloid angiopathy–related inflam- mation.	Most Likely Diagnosis:   CNS (Central Nervous System) Lymphoma     Differential Diagnosis (ranked from most likely to least likely):   1. CNS Lymphoma  2. Alzheimer's disease  3. Brain Abscess  4. Neurosyphilis  5. Brain tumour  6. Chronic Subdural Hematoma  7. Neurosarcoidosis  8. Creutzfeldt-Jakob Disease  9. Multiple Sclerosis  10. Normal Pressure Hydrocephalus  11. Metabolic Encephalopathy from organ dysfunction  12. Brain Metastasis  13. Meningitis  14. Vasculitis  15. Wernicke-Korsakoff syndrome  16. Herpes Encephalitis  17. Late-onset Seizure Disorder  18. Hypoglycemic Encephalopathy  19. Lupus Cerebritis  20. Lyme Neuroborreliosis	0	-1	-1	-1		0	0		0
PMID_34320292-phenopacket-time-based_query.txt	Manual paste-in	Cytomegalovirus-induced immune thrombocytopenia.	Most Likely Diagnosis: Thrombotic thrombocytopenic purpura (TTP)     Differential Diagnosis:   1. Thrombotic thrombocytopenic purpura (TTP)  2. Hemolytic uremic syndrome (HUS)  3. Disseminated intravascular coagulation (DIC)  4. Post-transplant lymphoproliferative disorder  5. Immune thrombocytopenic purpura (ITP)  6. Systemic lupus erythematosus (SLE)  7. Infectious cause (e.g. CMV or bacterial enteritis)  8. Graft-versus-host disease  9. Anti-phospholipid antibody syndrome  10. Atypical hemolytic uremic syndrome (aHUS)  11. Post-transplantation malignancy (i.e. Kaposi's Sarcoma)   12. Paroxysmal nocturnal hemoglobinuria (PNH)  13. Collagen vascular disease (i.e. Vasculitis)  14. Medication-related toxicity (i.e. cyclosporine toxicity)   15. IgA Nephropathy  16. Post-transplant nephrotic syndrome.	3	1	1	1		3	3		0
PMID_34379926-phenopacket-time-based_query.txt	Manual paste-in	Acute human immunodeficiency virus type 1 infection.	Most Likely Diagnosis:  Viral Encephalitis     Differential Diagnosis (ranked from most likely to least likely):  1. Viral Encephalitis  2. Meningitis  3. Neuroinvasive West Nile Virus Infection  4. Autoimmune Encephalitis  5. Multiple Sclerosis  6. Brain abscess  7. Lyme Disease  8. Systemic Lupus Erythematosus (SLE)  9. HIV Encephalopathy  10. Subacute Sclerosing Panencephalitis  11. Tuberculous Meningitis   12. Primary CNS lymphoma  13. Creutzfeldt-Jakob Disease	3	9	9	9		3	4		1
PMID_34407347-phenopacket-time-based_query.txt	Manual paste-in	Hereditary hemochromatosis.	Most Likely Diagnosis: Congestive heart failure      Differential Diagnoses:  1. Congestive heart failure  2. Renal failure  3. Chronic venous insufficiency  4. Hypothyroidism  5. Liver Cirrhosis   6. Obstructive sleep apnea  7. Lymphedema   8. Nephritic syndrome   9. Depression  10. Cushing's syndrome   11. Iron-deficiency anemia  12. Varicose veins   13. Hypoalbuminemia due to malnutrition   14. Addison's disease  15. Deep vein thrombosis	0	-1	-1	-1		0	0		0
PMID_34437787-phenopacket-time-based_query.txt	Manual paste-in	Relapsed acute myeloid leukemia (with wild-type NPM1 and newly identified internal tandem duplication mutation in FLT3).	Most Likely Diagnosis:      Relapsed acute myeloid leukemia     Differential Diagnosis (ranked from most likely to least likely):     1. Relapsed acute myeloid leukemia: Given this diagnosis and the patient's current health issues, they are likely in a relapse phase of AML.     2. Chemotherapy-induced nausea and vomiting: As AML is typically treated by chemotherapy, the nausea and vomiting experienced may be a side effect of ongoing treatment.     3. Gallstone-related cholecystitis: Cholecystitis is inflammation of the gallbladder, which is commonly caused by gallstones. Chemotherapy can increase the risk of gallstone formation, causing cholecystitis.     4. Pancreatitis secondary to chemotherapy: Chemotherapy can also lead to various gastrointestinal complications including pancreatitis.      5. Leukemia-related gastroenteritis: This is a possible cause if the leukemia cells have infiltrated the gastrointestinal tract.     6. Neutropenic sepsis: Severe neutropenia (low white blood cell count) is a common complication of AML that can lead to sepsis if bacteria enter the body.     7. Chemotherapy-induced neuropathy: Some chemotherapy drugs can cause peripheral neuropathy, a set of symptoms caused by damage to nerves that control the sensations and movements of our arms and legs.      8. Bone pain due to bone marrow invasion by leukemia cells.     9. Infectious gastritis/enteritis: The patient's nausea and vomiting could also possibly be due to an infectious cause.     10. Other side effects or complications of chemotherapy: For example, chemotherapy-induced mucositis or an allergic reaction to the chemotherapy drugs.	5	1	1	1		5	5		0
PMID_34525289-phenopacket-time-based_query.txt	Manual paste-in	Fear associated with coronavirus disease 2019 (Covid-19), causing suicidal ideation.	Most likely diagnosis: Severe acute respiratory syndrome coronavirus 2 (SARS-CoV-2) infection leading to Covid-19 (Coronavirus Disease 2019)     Differential diagnosis ranked by probability:     1. Severe acute respiratory syndrome coronavirus 2 (SARS-CoV-2) infection leading to Covid-19 (Coronavirus Disease 2019)  2. Co-infection, possible bacterial pneumonia  3. Seasonal influenza complicated by bacterial pneumonia  4. Anxiety-depression disorder leading to somatic symptoms  5. Chronic fatigue syndrome (Post-viral fatigue syndrome)  6. Somatic symptom disorder  7. Major depressive disorder with somatic symptoms  8. Pulmonary embolism  9. Lung neoplasms  10. Pulmonary tuberculosis  11. Human Immunodeficiency Virus (HIV) infection leading to opportunistic pneumonia.   12. Post-infectious cough.	2	4	4	1		2	2		0
PMID_34551232-phenopacket-time-based_query.txt	Manual paste-in	Systemic juvenile idiopathic arthritis.	Based on the available information, it appears to me that the most likely diagnosis for this child is:     1. Hirschsprung Enterocolitis      The robust differential diagnosis, ranked by probability might be:     1. Hirschsprung Enterocolitis  2. Sepsis secondary to Hirschsprung's  3. Fever of unknown origin  4. Allergic reaction  5. Juvenile rheumatoid arthritis     NOTE: Please consider that the presentation of certain conditions (Breast carcinoma, Autism, Neoplasm of the pancreas) listed in the last paragraph appears counterintuitive, it might be a clerical error as they generally do not apply to a 12-month-old.	4	5	5	5		4	4		0
PMID_34644476-phenopacket-time-based_query.txt	Manual paste-in	Severe acquired aplastic anemia after infection with severe acute respiratory syndrome coronavirus 2.	Most Likely Diagnosis: Idiopathic thrombocytopenic purpura (ITP)     Differential Diagnoses:   1. Idiopathic thrombocytopenic purpura (ITP)  2. Thrombotic thrombocytopenic purpura (TTP)  3. Acute lymphoblastic leukemia (ALL)  4. Immune thrombocytopenia secondary to recent infection  5. Von Willebrand Disease  6. Leukemia  7. Dengue Fever  8. Hemolytic Uremic Syndrome (HUS)  9. Henoch-Schonlein Purpura  10. Disseminated Intravascular Coagulation (DIC)  11. Drug-induced thrombocytopenia  12. Sepsis-induced thrombocytopenia  13. HIV-related thrombocytopenia  14. Chronic Kidney Disease-associated thrombocytopenia  15. Hereditary spherocytosis.   16. Hemophilia A or B  17. Aplastic Anemia  18. Pseudothrombocytopenia.	3	17	17	17		3	3		0
PMID_34706175-phenopacket-time-based_query.txt	Manual paste-in	Eosinophilic leukemia.	Most Likely Diagnosis: Behcet's disease     Differential Diagnoses, ranked from most likely to least likely:  1. Behcet's disease  2. Herpes simplex virus (HSV) infection triggering erythema multiforme  3. Stevens-Johnson Syndrome  4. Psoriasis with psoriatic arthritis  5. Squamous cell carcinoma of the oral cavity  6. Pemphigus vulgaris  7. Crohn's Disease with extra-intestinal manifestation  8. Immune thrombocytopenic purpura  9. Systemic lupus erythematosus  10. Sjögren's syndrome  11. Lichen planus  12. Bullous pemphigoid   13. Oral lichen planus  14. HIV infection leading to Candidiasis of mouth  15. Eosinophilic ulcer of the oral mucosa  16. Reiter’s syndrome  17. Drug reaction or side-effect  18. Pyostomatitis vegetans associated with inflammatory bowel disease.	0	-1	-1	-1		0	0		0
PMID_34758256-phenopacket-time-based_query.txt	Manual paste-in	Seizure from neurocysticercosis.	Most Likely Diagnosis: Temporal Lobe Epilepsy     Differential Diagnosis:     1. Temporal Lobe Epilepsy   2. Creutzfeldt-Jakob disease  3. Nonconvulsive Status Epilepticus  4. Frontal lobe epilepsy  5. Anti-LGI1 Limbic Encephalitis  6. Paraneoplastic limbic encephalitis  7. Neurosyphilis  8. Wernicke-Korsakoff syndrome  9. Delirium due to metabolic causes (Electrolyte disturbance, hypoglycemia)  10. Drug-induced seizures  11. Primary brain tumor or metastatic disease  12. Stroke (though less likely due to age and chronic symptoms)	0	-1	-1	-1		0	0		0
PMID_34788511-phenopacket-time-based_query.txt	Manual paste-in	Pneumocystis jirovecii pneumonia.	Most Likely Diagnosis: Autoimmune hepatitis     Differential Diagnosis ranked by probability:     1. Sjogren’s syndrome  2. Primary sclerosing cholangitis  3. Drug-induced Hepatitis  4. Wilson’s disease  5. Cryptogenic cirrhosis of the liver  6. Graft versus host disease  7. Primary biliary cholangitis  8. Hemochromatosis  9. Non-alcoholic fatty liver disease  10. Chronic viral hepatitis  11. Alcoholic liver disease  12. Budd-Chiari syndrome  13. Nonalcoholic steatohepatitis (NASH)  14. Liver cirrhosis  15. Malignant neoplasm in the liver.	0	-1	-1	-1		0	0		0
PMID_34818483-phenopacket-time-based_query.txt	Manual paste-in	Erysipelothrix rhusiopathiae infection.	Most likely diagnosis: Cellulitis     Differential Diagnosis:  1. Cellulitis: the sudden onset and rapidly spreading erythema signals skin and soft tissue infection.  2. Paronychia: a hand infection that starts as localized redness and swelling around the fingernail.  3. Acute arthritis.  4. Gout: Less likely due to the age of the patient.  5. Sepsis: localized infection can potentially progress and cause this.   6. Erysipelas: a skin infection, similar to cellulitis, but involves different skin layers.  7. Necrotizing fasciitis: rare, but a rapidly spreading erythema suggests assessing for this.  8. Traumatic injury precipitating infection or complex regional pain syndrome.  9. Dactylitis: inflammation of an entire digit.  10. Insect or spider bite leading to localized infection or reaction.	3	6	6	-1		3	0		3
PMID_34879452-phenopacket-time-based_query.txt	Manual paste-in	Anti–melanoma differentiation–associated protein 5 (anti–MDA-5) dermatomyositis.	Based on the provided case details, my most likely diagnosis is Adult-Onset Still's Disease (AOSD) Here's my robust differential diagnosis in decreasing order of probability:  1. Adult-Onset Still's Disease (AOSD)  2. Systemic Lupus Erythematosus (SLE)  3. Behçet's Disease  4. Sweet’s Syndrome (Acute Febrile Neutrophilic Dermatosis)  5. Sarcoidosis  6. Rheumatoid Arthritis  7. Secondary Syphilis  8. HIV Infection  9. Lymphoma  10. Hepatocellular carcinoma related chronic inflammation  11. Familial Mediterranean Fever  12. Gout or Pseudogout  13. Reiter's Syndrome  14. Psoriatic Arthritis  15. Leukemia  16. Urticarial Vasculitis  17. Drug-Induced Lupus	0	-1	-1	-1		0	0		0
PMID_34910867-phenopacket-time-based_query.txt	Manual paste-in	Lead poisoning	Most likely diagnosis: Gastric adenocarcinoma with metastasis to the brain      Differential Diagnoses:      1. Gastric adenocarcinoma with metastasis to the brain  2. Non-Hodgkin's lymphoma with central nervous system involvement   3. Pancreatic cancer with brain metastasis  4. Neuroendocrine tumor with brain metastasis  5. Metastatic colon cancer with brain involvement   6. Paraneoplastic syndrome secondary to an undiagnosed malignancy   7. Advanced Chronic liver disease with hepatic encephalopathy  8. Alzheimer's disease with comorbid gastrointestinal disease  9. Stroke with gastrointestinal complications  10. Cerebral metastasis from an unknown primary site with concurrent gastrointestinal symptoms  11. Vascular dementia with comorbid gastrointestinal disease.	0	-1	-1	-1		0	0		0
PMID_34936743-phenopacket-time-based_query.txt	Manual paste-in	Fat embolism syndrome	No questions, I am ready to provide the analysis.     The most likely diagnosis:   1. Acute Respiratory Distress Syndrome (ARDS) secondary to a possible systemic infection or sepsis.     The differential diagnoses with descending order of probability:  1. Sepsis-induced ARDS  2. Pneumonia  3. Neuropathic ARDS  4. Autoimmune pulmonary disease (e.g. Systemic Lupus Erythematosus)  5. Pulmonary embolism  6. Drug-induced lung injury  7. Acute heart failure causing pulmonary edema  8. Neurogenic Pulmonary Edema secondary to increased intracranial pressure  9. Toxic Inhalation injury  10. Mental health related disorder (e.g. panic disorder) leading to hyperventilation syndrome and subsequent respiratory alkalosis  11. Metabolic causes such as Diabetic Ketoacidosis.	3	5	5	5		3	3		0
PMID_34965341-phenopacket-time-based_query.txt	Manual paste-in	Moyamoya disease.	Most Likely Diagnosis: Brainstem Glioma      Differential Diagnosis:  1. Brainstem Glioma  2. Metastatic Lymphoma in the Brain  3. Intracranial Neoplasm due to spread of an existing cancer  4. Neurological manifestation of Ulcerative Colitis  5. Stroke  6. Bell's Palsy  7. Multiple Sclerosis  8. Lyme Disease  9. Vasculitis  10. Brain Abscess  11. Meningitis  12. Ramsay Hunt Syndrome  13. Neurosarcoidosis  14. Transient Ischemic Attack (TIA)   15. Conversion Disorder  16. Metabolic Disorders like Hypoglycemia or Hyperglycemia  17. Epilepsy	0	-1	-1	-1		0	0		0
PMID_35020988-phenopacket-time-based_query.txt	Manual paste-in	Anti-IgLON5 IgG–associated neurologic disorder.	Most Likely Diagnosis: Amyotrophic lateral sclerosis (ALS).     Differential diagnosis in the order of probability:  1. Amyotrophic lateral sclerosis (ALS)  2. Progressive supranuclear palsy (PSP)  3. Parkinson's disease  4. Multiple system atrophy (MSA)  5. Bulbar palsy  6. Obstructive Sleep Apnea (OSA)  7. Stroke  8. Myasthenia gravis  9. Multiple sclerosis  10. Brain tumor  11. Creutzfeldt-Jakob Disease  12. Lewy body dementia	0	-1	-1	-1		0	0		0
PMID_35045230-phenopacket-time-based_query.txt	Manual paste-in	VEXAS (vacuoles, E1 enzyme, X-linked, autoinflammatory, somatic) syndrome.	Most Likely Diagnosis: Relapsing Polychondritis      Differential Diagnosis:  1. Relapsing Polychondritis  2. Polymyalgia Rheumatica  3. Giant Cell Arteritis  4. Vasculitis, nonspecific  5. Rheumatoid Arthritis  6. Systemic Lupus Erythematosus  7. Seropositive Arthritis  8. Sjögren's Syndrome  9. Takayasu’s Arteritis  10. Granulomatosis with Polyangiitis   11. Systemic Scleroderma   12. Erdheim-Chester Disease.	0	-1	-1	-1		0	0		0
PMID_35081284-phenopacket-time-based_query.txt	Manual paste-in	Inflammatory bowel disease (Crohn’s disease).	Most likely diagnosis: Systemic lupus erythematosus (SLE)     Differential diagnosis, ranked by probability:     1. Systemic lupus erythematosus (SLE)  2. Inflammatory bowel disease (Crohn's disease or Ulcerative colitis)  3. Juvenile idiopathic arthritis (JIA)  4. Celiac disease  5. Kawasaki disease  6. Appendicitis  7. Influenza or other viral infection  8. Lyme disease  9. Post-streptococcal reactive arthritis  10. Behcet's disease.	4	2	2	2		4	4		0
PMID_35139277-phenopacket-time-based_query.txt	Manual paste-in	Neurosyphilis	Most likely diagnosis: Cogan's syndrome     Differential Diagnoses:  1. Cogan's syndrome  2. Behcet's disease  3. Susac's syndrome  4. Sarcoidosis  5. Wegener's granulomatosis  6. Rheumatoid arthritis with secondary Sjogren's syndrome  7. Systemic lupus erythematosus (SLE)  8. Ankylosing spondylitis  9. Vogt-Koyanagi-Harada (VKH) disease  10. Relapsing polychondritis  11. Neurosyphilis  12. Usher Syndrome  13. Malignant otitis externa  14. Mevalonate kinase deficiency (HIDS)   15. Meniere's disease   16. Uveomeningoencephalitic Syndrome	5	11	11	11		5	5		0
PMID_35172059-phenopacket-time-based_query.txt	Manual paste-in	Genetic Creutzfeldt–Jakob disease.	Most likely diagnosis: Multiple Sclerosis (MS) due to chronic, progressive symptoms, including weakness, falls, visual impairment, and dysmetria.     Differential diagnosis:     1. Multiple sclerosis - Given the long history and various neurological symptoms experienced by the patient.  2. Glioma (Brain Tumor) - Recurrent falls and neurological symptoms may suggest a central nervous system lesion.  3. Parkinson's disease - Given the frequent falls and visual impairment, it can be a consideration, though other classic symptoms are absent.    4. Stroke - Though this usually causes acute symptoms, not chronic, it can be considered due to unilateral weakness, visual impairments, and falls.   5. Amyotrophic lateral sclerosis (ALS) - The presence of progressive weakness and symptoms like fatigue could raise this possibility.  6. Myasthenia gravis - The fluctuating musculoskeletal weaknesses could point towards this.  7. Cerebral Vasculitis - Can cause various neurological symptoms.  8. Primary or secondary cerebellar degeneration - This would explain dysmetria and balance problems leading to recurrent falls but not explain many of the other symptoms.  9. Chronic inflammatory demyelinating polyradiculoneuropathy (CIDP) - Progressive weakness and other varied neurologic symptoms can be possible in this condition as well.  10. Vitamin B12 deficiency - It can lead to various neurological symptoms although less likely in this case.	0	-1	-1	-1		0	0		0
PMID_35196431-phenopacket-time-based_query.txt	Manual paste-in	Immune checkpoint inhibitor–induced diabetes.	Based on the case provided,      My most likely diagnosis:      Metastatic Melanoma with Central Nervous System involvement     Robust Differential Diagnosis (from most likely to least likely):      1. Metastatic Melanoma with Central Nervous System involvement  2. Paraneoplastic syndrome due to metastatic melanoma   3. Neurological side effects due to melanoma treatment (e.g., Immunotherapy, targeted therapy)  4. Metastatic Melanoma with Adrenal insufficiency  5. Thyroid-related neuropathy secondary to Hypothyroidism  6. Late stage Paraneoplastic Syndrome involving endocrine system   7. Diabetic neuropathy (considering Hyperlipidemia indicating metabolic syndrome)   8. Glioblastoma multiforme (secondary neoplasm)	2	-1	-1	7		0	2		2
PMID_35263523-phenopacket-time-based_query.txt	Manual paste-in	Diffuse large B-cell lymphoma.	Most Likely Diagnosis: Major Depressive Disorder with Psychotic Features     Differential Diagnoses:  1. Major Depressive Disorder with Psychotic Features  2. Parkinson's Disease  3. Normal Pressure Hydrocephalus  4. Alzheimer's Disease  5. Stroke-Related Dementia  6. Multiple Sclerosis  7. Dysthymic Disorder  8. Sequela of Traumatic Brain Injury  9. Cerebral Amyloid Angiopathy  10. Progressive Supranuclear Palsy  11. Chronic Traumatic Encephalopathy  12. Generalized Anxiety Disorder  13. Lewy Body Dementia  14. Conversion Disorder  15. Frontotemporal Dementia  16. Vitamin B12 Deficiency  17. Cerebrovascular Disease  18. Rheumatoid Arthritis-Related Neurological Complications	0	-1	-1	-1		0	0		0
PMID_35294816-phenopacket-time-based_query.txt	Manual paste-in	Hereditary angioedema with C1 inhibitor deficiency and chronic spontaneous urticaria.	Most Likely Diagnosis: Hereditary Angioedema     Differential Diagnosis:  1. Acquired Angioedema  2. Anaphylaxis  3. Idiopathic Angioedema  4. Systemic Lupus Erythematosus  5. Mastocytosis  6. Chronic Spontaneous Urticaria  7. Lymphoma  8. Gastrointestinal Carcinoid Tumor  9. Peptic Ulcer Disease  10. Cholecystitis  11. Irritable Bowel Syndrome  12. Pancreatitis  13. Gastritis  14. Medullary Thyroid Cancer  15. Pheochromocytoma  16. Hypothyroidism  17. Hyperthyroidism  18. Gastrointestinal Stromal Tumor (GIST)	4	1	1	3		4	3		1
PMID_35320647-phenopacket-time-based_query.txt	Manual paste-in	Anaplasmosis.	The most probable diagnosis: Severe Acute Respiratory Syndrome Coronavirus 2 (SARS-CoV-2), also known as COVID-19.     Differential Diagnosis, in order of probability:     1. Severe Acute Respiratory Syndrome Coronavirus 2 (COVID-19)  2. Influenza (Flu)  3. Pneumonia (non-COVID related)  4. Mononucleosis  5. Leukemia (due to Hepatosplenomegaly)  6. Gastroenteritis  7. Anxiety disorder  8. Malignant melanoma (secondary to the noted Nevus)   9. Pulmonary embolism  10. Chronic fatigue syndrome  11. Lyme disease  12. Sinusitis  13. Sarcoidosis  14. Tuberculosis  15. Histoplasmosis.	0	-1	-1	-1		0	0		0
PMID_35353965-phenopacket-time-based_query.txt	Manual paste-in	Fabry’s disease.	Most likely diagnosis:   Amyloidosis (specifically, cardiac amyloidosis or amyloid heart disease)     Differential diagnosis (ranked from most likely to least likely):  1. Amyloidosis (cardiac amyloidosis or amyloid heart disease)  2. Hypertensive heart disease  3. Hypertrophic obstructive cardiomyopathy  4. Chronic renal failure leading to fluid-overload cardiac problems  5. Sarcoidosis (cardiac sarcoidosis)  6. Endocardial fibroelastosis  7. Constrictive pericarditis  8. Anderson-Fabry disease  9. Senile systemic amyloidosis  10. Myocardial infarction  11. Infective endocarditis   12. Dilated cardiomyopathy  13. Restrictive cardiomyopathy  14. Loeffler endocarditis  15. Hemochromatosis (specifically, cardiac hemochromatosis)	5	8	-1	8		5	5		0
PMID_35417641-phenopacket-time-based_query.txt	Manual paste-in	Myelodysplastic syndrome.	Most likely diagnosis:  Microangiopathic hemolytic anemia related to Thrombotic thrombocytopenic purpura (TTP)     Differential Diagnosis:  1. Thrombotic thrombocytopenic purpura (TTP)  2. Hemolytic-uremic syndrome (HUS)  3. Disseminated intravascular coagulation (DIC)  4. Severe sepsis  5. Vitamin B12 or folate deficiency causing megaloblastic anemia  6. Myelodysplastic syndrome or other bone marrow disease  7. Multiple myeloma  8. Systemic lupus erythematosus or other vasculitis  9. Paroxysmal nocturnal hemoglobinuria  10. Medication-induced pancytopenia	4	6	6	6		5	4		1
PMID_35443111-phenopacket-time-based_query.txt	Manual paste-in	Systemic lupus erythematosus with antiphospholipid syndrome.	Most Likely Diagnosis:   Infective endocarditis affecting the mitral valve     Differential Diagnosis:  1. Infective endocarditis affecting the mitral valve  2. Intracardiac tumors (Myxoma, Sarcoma)  3. Rheumatic heart disease  4. Systemic lupus erythematosus (Libman-Sacks endocarditis)  5. Antiphospholipid syndrome  6. Metastatic cancer to the mitral valve  7. Bell's palsy  8. Myasthenia gravis  9. Syncope due to a cardiac arrhythmia  10. Lyme disease with neurological manifestations  11. Stroke due to a mitral valve embolism  12. Multiple sclerosis with symptoms related to the facial nerve  13. Lupus with Libman-Sacks endocarditis and neurological manifestations.  14. Sarcoidosis with cardiac involvement  15. Mitral valve prolapse leading to arrhythmia causing the transient ischemic attacks.  16. Marantic endocarditis due to an underlying malignancy  17. Systemic sclerosis with cardiac involvement.  18. Hematological malignancies with cardiac infiltration  19. Autoimmune disease with vasculitis affecting the brain and heart.  20. Tuberculosis with cardiac involvement.	4	4	4	4		5	4		1
PMID_35476654-phenopacket-time-based_query.txt	Manual paste-in	Regional myocarditis due to infection with Listeria monocytogenes.	Most Likely Diagnosis: Endocarditis     Differential Diagnosis:  1. Endocarditis  2. Late-Onset Sepsis  3. Lyme Disease (Borrelia Infection)  4. Systemic Lupus Erythematosus   5. Rheumatoid Arthritis   6. Polymyalgia Rheumatica  7. Myelodysplastic Syndrome  8. Multiple Myeloma  9. Fibromyalgia  10. Chronic Fatigue Syndrome   11. Vasculitis  12. Seronegative arthritis   13. Adult onset Still’s disease  14. Temporal Arteritis  15. Systemic onset Juvenile Idiopathic Arthritis	2	-1	-1	1		0	2		2
PMID_35544390-phenopacket-time-based_query.txt	Manual paste-in	High-grade B-cell lymphoma, not otherwise specified.	Given the limited amount of information and the patient's symptoms of new-onset ascites and edema, my top differential diagnoses are:     1. Cirrhosis of the liver (most likely due to alcohol, hepatitis B or C)  2. Heart failure (right-sided or congestive heart failure)  3. Nephrotic syndrome (or kidney disease)  4. Peritoneal carcinomatosis (less likely without other signs or symptoms)  5. Hypoalbuminemia (from malnutrition or severe liver disease)  6. Tuberculous peritonitis (less likely without other signs or symptoms)  7. Pancreatic ascites (secondary to pancreatitis)  8. Budd-Chiari syndrome (hepatic venous outflow obstruction, generally rare)     As more information becomes available, they might shift up or down on this list depending on relevance.	0	-1	-1	-1		0	0		0
PMID_35584159-phenopacket-time-based_query.txt	Manual paste-in	Aspiration pneumonia.	Based on this information, a probable diagnosis for this patient could be Testicular Cancer with Pulmonary Metastasis. The differential diagnosis, in order of highest to lowest probability, could include the following:  1. Testicular Cancer with Pulmonary Metastasis  2. Sarcoidosis  3. Tuberculosis (Miliary)  4. Rheumatoid Arthritis with Pulmonary Manifestation  5. Vasculitis such as Granulomatosis with Polyangiitis  6. Recurrent Bacterial Pneumonia secondary to an Immunodeficiency.  7. Lymphoma  8. Connective Tissue Disease with Pulmonary Involvement like Systemic Lupus Erythematosus  9. Fungal Infections such as Histoplasmosis  10. Paraneoplastic Syndrome.  Please note that the final diagnosis would require further evaluation and clinical correlation.	0	-1	-1	-1		0	0		0
PMID_35613025-phenopacket-time-based_query.txt	Manual paste-in	Idiopathic multicentric Castleman’s disease.	My Most Likely Diagnosis:      Hodgkin's Lymphoma     Differential Diagnoses (Ranked from most to least likely):     1. Hodgkin's Lymphoma  2. Non-Hodgkin's Lymphoma  3. Systemic Lupus Erythematosus  4. Infective Endocarditis  5. Sarcoidosis  6. Castleman's Disease  7. Tuberculosis  8. Rheumatoid Arthritis  9. Advanced HIV/AIDS with related infections  10. Leukemia  11. Thymoma  12. Infectious Mononucleosis  13. Mediastinal Germ Cell Tumor   14. Adult-onset Still’s disease  15. Paraneoplastic syndrome associated with lung cancer.  16. Lyme disease	4	6	6	6		4	4		0
PMID_35675180-phenopacket-time-based_query.txt	Manual paste-in	Undifferentiated autoimmune rheumatic disease.	Most Likely Diagnosis: Myocarditis     Differential Diagnoses (from most likely to least likely):  1. Myocarditis  2. Acute Coronary Syndrome (ACS)  3. Pericarditis  4. Cardiomyopathy  5. Pulmonary embolism  6. Costochondritis  7. Viral gastroenteritis  8. Pneumonia  9. Generalized Anxiety Disorder with Panic Attacks  10. Infectious mononucleosis (Mono)   11. Lyme disease  12. Meningitis  13. Hypertrophic cardiomyopathy   14. Mitral valve prolapse syndrome  15. Ruptured aortic aneurysm  16. Esophagitis  17. Sickle cell crisis  18. Giant cell arteritis  19. Conn's Syndrome (Hyperaldosteronism)  20. Vasculitis  21. Kawasaki disease  22. Endocarditis  23. Tetralogy of Fallot   24. Substance abuse (cocaine, stimulants)	0	-1	-1	-1		0	0		0
PMID_35704401-phenopacket-time-based_query.txt	Manual paste-in	Infection with monkeypox virus, West African clade.	Most Likely Diagnosis: Immunocompromised state due to HIV (based on immunodeficiency symptom) presenting with secondary HSV-2 infection (based on the perianal and penile ulcers, recurrent oral herpes, and skin rash).     Differential Diagnoses, from most likely to least likely:     1. HIV with secondary Herpes Simplex Virus-2 (HSV-2) infection.  2. Rectal Gonorrhea with HSV-2 coinfection.  3. Reactive arthritis due to Chlamydia infection.  4. Neurosyphilis, considering the sexual and neurologic implications along with systemic symptoms.  5. Herpes Proctitis.  6. Behcet's disease, considering the history of recurrent oral ulcers.  7. Crohn's disease with secondary infectious complication.  8. Severe Primary HSV-2 Infection in HIV-negative individual.  9. HIV and secondary Syphilis infection.   10. Agranulocytosis with secondary infection.	0	-1	-1	-1		0	0		0
PMID_35704485-phenopacket-time-based_query.txt	Manual paste-in	Phosphaturic mesenchymal tumor causing osteomalacia.	Most likely diagnosis: Osteomalacia due to hypophosphatemic rickets.     Differential diagnosis:  1. Osteomalacia due to hypophosphatemic rickets  2. Osteoporosis  3. Hyperparathyroidism  4. Vitamin D deficiency  5. Osteogenesis imperfecta  6. Chronic kidney disease  7. Paget's disease of the bone  8. Multiple myeloma  9. Renal tubular acidosis  10. Fibrous dysplasia.	3	1	1	1		4	2		2
PMID_35731657-phenopacket-time-based_query.txt	Manual paste-in	Pancreatic ductal adenocarcinoma.	Based on the case given, my most likely diagnosis is: Pancreatic Neuroendocrine Tumor (pNET).     My differential diagnosis, ranked by descending probability, is as follows:     1. Pancreatic Neuroendocrine Tumor (pNET)  2. Pancreatic Adenocarcinoma  3. Pancreatic Serous Cystadenoma  4. Chronic Pancreatitis  5. Autoimmune Pancreatitis  6. Lymphoma (due to hepatosplenomegaly)  7. Metastatic Disease (to the pancreas)  8. Pancreatic Pseudocyst   9. Intraductal Papillary Mucinous Neoplasm (IPMN).	4	2	2	2		4	4		0
PMID_35767442-phenopacket-time-based_query.txt	Manual paste-in	Plasma-cell myeloma post-transplantation lymphoproliferative disorder.	Most likely diagnosis: Central Nervous System (CNS) Leukemia     Differential Diagnosis:  1. Central Nervous System (CNS) Leukemia  2. Meningeal carcinomatosis secondary to systemic B-cell Acute Lymphoblastic Leukemia  3. Radiation-induced optic neuropathy (if the patient underwent radiotherapy)  4. Chemotherapy-induced optic neuropathy (if the patient is currently on chemotherapy)  5. Brain tumor unrelated to leukemia, such as glioma  6. Leukemia relapse manifesting as a systemic disease  7. Infectious meningitis (bacterial/viral/fungal) or encephalitis  8. Neurological complications due to sepsis or systemic infection  9. Paraneoplastic syndrome  10. Medication side effect causing vision changes and symptoms  11. Hemorrhagic complications secondary to platelet dysfunction or thrombocytopenia.   12. Hyperviscosity syndrome secondary to leukemia.    13. Optic neuritis possibly secondary to an autoimmune process  14. Pseudotumor cerebri  15. Infiltrative optic neuropathy  16. Vitamin B12 deficiency (if the patient had been on chronic methotrexate)   17. Ischemic optic neuropathy  18. Amaurosis fugax secondary to leukemia-induced hyperviscosity.   19. Infectious diseases (Meningeal Tuberculosis)  20. Metabolic disorders, such as diabetic retinopathy     These diagnoses are subject to the evolution and progression of patient's signs and symptoms, as well as results from physical examination, diagnostic imaging, and laboratory tests.	0	-1	-1	1		0	2		2
PMID_35830644-phenopacket-time-based_query.txt	Manual paste-in	Granulomatosis with polyangiitis.	Most Likely Diagnosis: Severe Acute Respiratory Syndrome Coronavirus 2 (SARS-CoV-2) infection leading to COVID-19 pneumonia.     Differential Diagnosis List:     1. Severe Acute Respiratory Syndrome Coronavirus 2 (SARS-CoV-2) infection leading to COVID-19 pneumonia  2. Community-acquired pneumonia (Bacterial or viral other than SARS-CoV-2).  3. Influenza pneumonia  4. Other viral pneumonias (e.g. Respiratory Syncytial Virus).  5. Acute bronchitis.  6. Mycoplasma pneumoniae infection.  7. Acute Exacerbation of Asthma  8. Tuberculosis  9. Fungal pneumonia (less likely given demographics)  10. Cardiogenic pulmonary edema (less likely given age and lack of cardiopathy history).  11. Non-infectious inflammatory lung diseases, such as acute eosinophilic pneumonia or hypersensitivity pneumonitis (less likely due to epidemiology).	0	-1	-1	-1		0	0		0
PMID_35857663-phenopacket-time-based_query.txt	Manual paste-in	Infection with Blastomyces dermatitidis.	Most Likely Diagnosis: Ectopic Cushing's syndrome due to metastatic pancreatic neuroendocrine tumor.     Differential Diagnosis:  1. Ectopic Cushing's syndrome caused by metastatic pancreatic neuroendocrine tumor.  2. Ectopic Cushing's syndrome caused by other types of neuroendocrine tumors.  3. Pancreatic neuroendocrine tumor without ectopic Cushing's Syndrome.  4. Metastatic carcinoid tumor with Carcinoid syndrome.  5. Zollinger-Ellison syndrome.  6. Insulinoma.  7. Glucagonoma.  8. Adrenocorticotropic hormone (ACTH) secreting pituitary adenoma Cushing's Disease.  9. Cushing's Syndrome caused by adrenal adenoma or carcinoma.  10. Pheochromocytoma.  11. Primary hyperaldosteronism.  12. Polycystic ovary syndrome (PCOS).  13. Hyperthyroidism.  14. Adrenal Hyperplasia.  15. Steroid-induced Cushing's syndrome.	0	-1	-1	-1		0	0		0
PMID_35939582-phenopacket-time-based_query.txt	Manual paste-in	Well-differentiated pancreatic insulin-secreting neuroendocrine tumor (insulinoma).	Most likely diagnosis: Insulinoma     Differential Diagnoses:  1. Insulinoma  2. Exogenous insulin administration  3. Non-islet cell tumor hypoglycemia  4. Factitious hypoglycemia  5. Autoimmune hypoglycemia  6. Addison's disease  7. Severe liver disease  8. Ethanol intoxication.   9. Insulin autoimmune syndrome (Hirata's disease)  10. Congenital Hyperinsulinism.   11. Inborn errors of metabolism  12. Gastric bypass surgery-induced hypoglycemia.	5	1	1	1		5	4		1
PMID_36001715-phenopacket-time-based_query.txt	Manual paste-in	Langerhans-cell histiocytosis of the lung and liver.	Based on the provided information, here is my analysis:     Most Likely Diagnosis: Metastatic Cancer (origin unknown)     Differential Diagnosis ranked by probability:     1. Metastatic Lung Cancer  2. Metastatic Hepatocellular Carcinoma  3. Metastatic Breast Cancer  4. Metastatic Gastrointestinal Cancer  5. Metastatic Pancreatic Cancer  6. Lymphoma with Liver and Lung Involvement  7. Granulomatous diseases such as sarcoidosis  8. Infectious diseases causing liver and lung lesions (such as tuberculosis or fungal infections)  9. Multiple abscesses in lung and liver due to bacterial infection  10. Parasitic infections (like hydatid disease, caused by Echinococcus) with liver and lung involvement  11. Vasculitis involving liver and lung, such as polyarteritis nodosa  12. Multiple liver and lung cysts due to polycystic liver disease.	0	-1	-1	-1		0	0		0
PMID_36069875-phenopacket-time-based_query.txt	Manual paste-in	Encephalitis due to Behçet’s disease.	Most likely diagnosis: Behçet's Disease     Differential diagnosis, ranked most likely to least likely:   1. Behçet's Disease  2. Neurological manifestations of Systemic Lupus Erythematosus (Neuropsychiatric SLE, NPSLE)  3. Neurosarcoidosis   4. Antiphospholipid Syndrome   5. Central Nervous System Vasculitis   6. Intracranial Hypertension   7. Migraine with Aura   8. Cerebral Venous Sinus Thrombosis   9. Meningitis (Viral, Bacterial, Fungal)  10. Secondary Syphilis  11. Neuroborreliosis (Lyme Disease)  12. Brain Abscess  13. Neuro Tuberculosis.	4	1	1	1		4	4		0
PMID_36070713-phenopacket-time-based_query.txt	Manual paste-in	Chronic Candida albicans meningitis.	Based on the details provided in the case, the most likely diagnosis is Benign Intracranial Hypertension (Idiopathic Intracranial Hypertension).     The differential diagnosis, ranked from most likely to least likely, is as follows:     1. Benign Intracranial Hypertension (Idiopathic Intracranial Hypertension)  2. Meningitis/Encephalitis (bacterial, viral, fungal, or parasitic)  3. Brain Tumor (glioma, meningioma, metastatic disease from ovarian neoplasm)  4. Brain Abscess  5. Subacute/Chronic Subdural Hematoma  6. Cerebral Venous Sinus Thrombosis  7. Multiple Sclerosis  8. Pseudotumor cerebri  9. Chronic Migraine or Cluster Headache  10. Cerebral Aneurysm or other vascular malformation.	3	2	2	2		4	3		1
PMID_36103417-phenopacket-time-based_query.txt	Manual paste-in	Granulomatosis with polyangiitis.	Most Likely Diagnosis: Giant Cell Arteritis      Differential Diagnosis:  1. Giant Cell Arteritis  2. Temporal Arteritis  3. Polymyalgia Rheumatica  4. Takayasu's Arteritis  5. Rheumatoid Arthritis  6. Lyme Disease  7. Systemic Lupus Erythematosus  8. HIV/AIDS  9. Vasculitis  10. Malignancy  11. Infective Endocarditis  12. Tuberculosis  13. Fibromyalgia  14. Tick-Borne Disease  15. Hypertension  16. Migraine  17. Chronic Fatigue Syndrome  18. Influenza  19. Ankylosing Spondylitis  20. Sjögren's Syndrome  21. Osteoarthritis  22. Gout.	3	9	9	9		2	3		1
PMID_36130001-phenopacket-time-based_query.txt	Manual paste-in	Immune dysregulation, polyendocrinopathy, enteropathy, X-linked (IPEX) syndrome.	Most Likely Diagnosis:  Congenital disorder of glycosylation Type 1a (CDG-1a)     Differential Diagnosis, from most likely to least likely:     1. Congenital disorder of glycosylation Type 1a (CDG-1a)  2. Autoimmune enteropathy  3. Familial Mediterranean Fever  4. Chronic granulomatous disease  5. Celiac disease  6. HIV-related enteropathy  7. Giardiasis  8. Inflammatory bowel disease (Crohn's disease or Ulcerative colitis)  9. Whipple's disease  10. Lysinuric protein intolerance  11. Tubulointerstitial nephritis and uveitis (TINU) syndrome  12. Ehlers-Danlos syndrome, vascular type  13. Immunodeficiency syndrome  14. Common variable immunodeficiency  15. C3 glomerulopathy	3	2	2	2		4	3		1
PMID_36170504-phenopacket-time-based_query.txt	Manual paste-in	Neonatal hypoglycemia due to biologically active teratoma and the Sotos syndrome.	Most Likely Diagnosis:  Congenital disorder of glycosylation      Differential Diagnoses, Ranked by Probability:  1. Septo-optic-dysplasia  2. Prader-Willi syndrome  3. Beckwith-Wiedemann syndrome  4. Persistent hyperinsulinism of infancy  5. Kabuki Syndrome  6. Inborn errors of metabolism, such as glycogen storage disease  7. Turner Syndrome  8. Isolated growth hormone deficiency or pituitary hypoplasia  9. Neonatal diabetes mellitus  10. Neonatal hypothyroidism  11. Adrenal insufficiency  12. Hypopituitarism  13. Mody Diabetes.	3	4	4	-1		3	0		3
PMID_36239648-phenopacket-time-based_query.txt	Manual paste-in	Linitis plastica (invasive gastric adenocarcinoma).	Most Likely Diagnosis: Achalasia     Differential Diagnosis, in order of decreasing likelihood:   1. Scleroderma (systemic sclerosis)  2. Esophageal stricture  3. Gastroesophageal reflux disease (GERD) progression with complication  4. Esophageal cancer  5. Esophageal spasm  6. Parkinson’s disease  7. Amyotrophic lateral sclerosis (ALS)  8. Stroke affecting the brain's swallowing centers  9. Esophagitis  10. Barrett’s esophagus	0	-1	-1	4		0	2		2
PMID_36260795-phenopacket-time-based_query.txt	Manual paste-in	Eosinophilic myocarditis and drug reaction with eosinophilia and systemic symptoms (DRESS).	Most likely diagnosis:      Acute Rheumatic Fever (ARF) with Postoperative Cardiogenic Shock and Erythema Marginatum (rash)     Differential Diagnosis:     1. Acute Rheumatic Fever with mitral valve involvement  2. Congestive Heart Failure secondary to faulty mitral valve replacement  3. Infective endocarditis with postoperative complications  4. Myocardial Infarction with secondary rash from medication reaction  5. Postoperative sepsis with rash  6. Autoimmune disease, like Systemic Lupus Erythematosus, presenting with Heart disease and rash  7. Adverse reaction to medication or medical device material (e.g., hypersensitivity to valve prosthetic material)  8. Cardiac amyloidosis with accompanying cutaneous amyloidosis  9. Dermatomyositis with cardiac involvement  10. Acute coronary syndrome with shock and secondary rash from medication reaction.	3	6	6	4		3	2		1
PMID_36300978-phenopacket-time-based_query.txt	Manual paste-in	Sarcoidosis.	Most Likely Diagnosis: Juvenile idiopathic arthritis-associated uveitis     Differential Diagnoses:  1. Juvenile idiopathic arthritis-associated uveitis  2. Childhood sarcoidosis  3. Pediatric Behçet's disease  4. Pediatric Systemic Lupus Erythematosus (SLE) with ocular involvement  5. Kawasaki disease with ocular involvement  6. Pediatric granulomatosis with polyangiitis  7. Tubulointerstitial nephritis and uveitis (TINU) syndrome  8. Pediatric Vogt-Koyanagi-Harada disease  9. Pediatric Lyme disease with ocular involvement  10. Pediatric idiopathic orbital cellulitis  11. Childhood-onset Still's disease  12. Familial Mediterranean Fever with ocular involvement  13. Anterior uveitis secondary to viral etiology.	5	2	2	2		5	5		0
PMID_36351271-phenopacket-time-based_query.txt	Manual paste-in	Cotard’s syndrome, catatonia, depression, and seizure after coronavirus disease 2019.	Most Likely Diagnosis:   Psychiatric complications secondary to COVID-19, characteristically presented as Cotard Delusion (believing oneself is dead) and progressing dementia, potentially overlaid with an underlying mood disorder given the history of major depressive disorder.     Differential Diagnosis, from most likely to least likely:     1. Post-Acute Sequelae of SARS-CoV-2 infection (Long COVID): Neurological manifestations including dementia and psychiatric issues  2. Major Depressive Disorder with Psychotic Features (as her delusion may be related to depressive state)  3. Cotard Delusion/Syndrome (in the context of psychiatric disturbances after a critical illness)  4. Dementia due to Neurodegenerative Disease (e.g., Alzheimer's Disease, Vascular Dementia)  5. Chronic Fatigue Syndrome (presenting as cognitive impairment, myalgia, insomnia)  6. Chronic Lyme Disease or other long-term infectious causes.  7. Other Neurodegenerative Disorder (e.g., Progressive Supranuclear Palsy – the weak voice and falls could be an indication)  8. Side effect of medications (certain medications can cause cognitive impairment and psychiatric symptoms)  9. Non-COVID-19 related Post Intensive Care Syndrome (mental and physical health decline following critical illness).  10. B12 or Thiamine Deficiency (could result in cognitive impairment and psychiatric symptoms)  11. Rare autoimmune cause such as Anti-NMDA Receptor Encephalitis.  12. Other Rare Neurosyphilis or HIV-induced cognitive impairment.	4	3	3	3		4	4		0
PMID_36383716-phenopacket-time-based_query.txt	Manual paste-in	Poorly differentiated adenocarcinoma of the lung complicated by superior vena cava syndrome.	Based on these symptoms, my most likely diagnosis would be:     Advanced Pancreatic Cancer with metastasis to lungs     A robust differential diagnosis, ranked from most to least likely, could be as follows:     1. Advanced Pancreatic Cancer with metastasis to lungs  2. Advanced Lung Cancer with metastasis to pancreas  3. Neuroendocrine Tumor (NET) with metastasis  4. Thymoma with Pancreatic and Pulmonary Involvement  5. Sarcoidosis with pancreatic and pulmonary involvement  6. Paraneoplastic syndromes caused by multiple primary malignancies  7. Lymphoma with pancreatic and pulmonary involvement  8. Pancreatic and Lung Abscess due to infection  9. Systemic lupus erythematosus (SLE) with pancreatic and pulmonary involvement  10. Vasculitis, such as Granulomatosis with polyangiitis, with pancreatic and pulmonary involvement  11. Pancreatic and Lung involvement in Amyloidosis.	2	2	2	2		2	3		1
PMID_36416771-phenopacket-time-based_query.txt	Manual paste-in	Meningioma, meningothelial type, World Health Organization grade 1.	Most likely diagnosis:  1. Neuromyelitis optica spectrum disorder (NMOSD)     Differential Diagnosis:  1. Multiple sclerosis  2. Systemic lupus erythematosus  3. Sjögren syndrome  4. Behçet disease  5. Vogt-Koyanagi-Harada (VKH) disease  6. Central nervous system vasculitis  7. Ischemic optic neuropathy   8. Non-arteritic anterior ischemic optic neuropathy   9. Susac syndrome   10. Optic nerve glioma  11. Cryptococcal meningitis  12. Leber’s Hereditary Optic Neuropathy	0	-1	-1	-1		0	0		0
PMID_36477035-phenopacket-time-based_query.txt	Manual paste-in	Disseminated Mycobacterium tuberculosis infection.	Most Likely Diagnosis: Post-transplant lymphoproliferative disorder (PTLD)     Differential Diagnosis (from most likely to least likely):     1. Post-transplant lymphoproliferative disorder (PTLD)  2. Immunosuppression-induced infection (such as Cytomegalovirus or Tuberculosis)   3. Kidney transplant rejection  4. Metabolic complications from kidney transplant (like hypercalcemia)  5. Immunosuppression-induced malignancy (such as lung cancer)  6. Side effects from immunosuppressive therapy  7. Graft-versus-host disease  8. Allograft vasculopathy  9. Transplant-related obstructive nephropathy  10. Paraneoplastic syndrome related to unknown primary malignancy.	4	2	2	2		4	4		0
PMID_36516093-phenopacket-time-based_query.txt	Manual paste-in	Adrenocortical carcinoma.	Most likely diagnosis: Cushing's syndrome.     Differential diagnosis (ordered by probability):  1. Cushing's syndrome.  2. Polycystic ovarian syndrome.  3. Hypothyroidism.  4. Anemia of chronic disease.  5. Gastrointestinal disorder (such as irritable bowel syndrome).  6. Fibromyalgia.  7. Chronic fatigue syndrome.  8. Depression.  9. Chronic pancreatitis.  10. Functional dyspepsia.	0	-1	-1	-1		0	0		0
PMID_36546630-phenopacket-time-based_query.txt	Manual paste-in	Hepatic adenoma.	Most Likely Diagnosis:   Post-partum puerperal sepsis due to bacterial infection, with complications including hepatitis and immunodeficiency.     Differential Diagnoses:   1. Postpartum puerperal sepsis due to bacterial infection  2. Appendicitis, complicated by pregnancy  3. Cholecystitis, possibly postpartum or pregnancy-associated  4. Pyelonephritis, in view of history of nephrolithiasis  5. Postpartum endometritis  6. Pelvic inflammatory disease, considering history of ovarian cyst and cervical dysplasia  7. Pancreatitis  8. Hepatitis unrelated to sepsis- due to viral causes or drug-induced  9. Autoimmune hepatitis  10. CIDP (Chronic inflammatory demyelinating polyneuropathy)  11. Pelvic abscess, given history of gynecological conditions.	0	-1	-1	-1		0	0		0
PMID_36577103-phenopacket-time-based_query.txt	Manual paste-in	Cardiac paraganglioma with a germline mutation in the gene encoding succinate dehydrogenase subunit C (SDHC).	Most likely diagnosis: Carcinoid syndrome secondary to metastatic colon cancer     Differential diagnosis (ranked from most likely to least likely):     1. Carcinoid syndrome secondary to metastatic colon cancer  2. Mast cell activation syndrome  3. Pheochromocytoma  4. Paraganglioma   5. Chronic obstructive pulmonary disease (COPD) with acute exacerbation  6. Congestive heart failure secondary to valvular heart disease  7. Systemic lupus erythematosus with cardiac involvement    8. Myocardial infarction (given the chest pain)   9. Pulmonary embolism (given the sudden onset and prolonged dyspnea)   10. Histamine intolerance    11. Anaphylaxis from unknown etiology   12. Uncontrolled hypertension caused by secondary adrenal gland tumor  13. Hereditary angioedema  14. Amyloidosis  15. Vasculitis, such as Churg-Strauss syndrome	4	4	4	4		4	4		0